<xml xmlns:o="urn:schemas-microsoft-com:office:office">
 <o:File HRef="master03.htm"/>
 <o:File HRef="master03.xml"/>
 <o:File HRef="preview.wmf"/>
 <o:File HRef="pres.xml"/>
 <o:File HRef="sound001.wav"/>
 <o:File HRef="sound002.wav"/>
 <o:File HRef="sound017.wav"/>
 <o:File HRef="sound060.wav"/>
 <o:File HRef="sound058.wav"/>
 <o:File HRef="sound065.wav"/>
 <o:File HRef="sound067.wav"/>
 <o:File HRef="sound069.wav"/>
 <o:File HRef="sound071.wav"/>
 <o:File HRef="sound073.wav"/>
 <o:File HRef="slide0004.htm"/>
 <o:File HRef="slide0011.htm"/>
 <o:File HRef="slide0005.htm"/>
 <o:File HRef="slide0005_image001.wmz"/>
 <o:File HRef="oledata.mso"/>
 <o:File HRef="slide0005_image002.gif"/>
 <o:File HRef="slide0005_image003.png"/>
 <o:File HRef="slide0005_image004.gif"/>
 <o:File HRef="slide0018.htm"/>
 <o:File HRef="slide0018_image005.wmz"/>
 <o:File HRef="slide0018_image006.gif"/>
 <o:File HRef="slide0018_image007.gif"/>
 <o:File HRef="slide0007.htm"/>
 <o:File HRef="slide0007_image008.wmz"/>
 <o:File HRef="slide0007_image009.gif"/>
 <o:File HRef="slide0007_image010.gif"/>
 <o:File HRef="slide0019.htm"/>
 <o:File HRef="slide0019_image011.wmz"/>
 <o:File HRef="slide0019_image012.gif"/>
 <o:File HRef="slide0019_image013.gif"/>
 <o:File HRef="slide0009.htm"/>
 <o:File HRef="slide0009_image014.gif"/>
 <o:File HRef="slide0009_image015.wmz"/>
 <o:File HRef="slide0009_image016.gif"/>
 <o:File HRef="slide0010.htm"/>
 <o:File HRef="slide0010_image017.wmz"/>
 <o:File HRef="slide0010_image018.gif"/>
 <o:File HRef="slide0010_image019.gif"/>
 <o:File HRef="slide0012.htm"/>
 <o:File HRef="slide0013.htm"/>
 <o:File HRef="slide0013_image020.wmz"/>
 <o:File HRef="slide0013_image021.gif"/>
 <o:File HRef="slide0013_image022.gif"/>
 <o:File HRef="slide0014.htm"/>
 <o:File HRef="slide0014_image023.wmz"/>
 <o:File HRef="slide0014_image024.gif"/>
 <o:File HRef="slide0014_image025.gif"/>
 <o:File HRef="slide0015.htm"/>
 <o:File HRef="slide0015_image026.wmz"/>
 <o:File HRef="slide0015_image027.gif"/>
 <o:File HRef="slide0015_image028.gif"/>
 <o:File HRef="slide0016.htm"/>
 <o:File HRef="slide0016_image029.wmz"/>
 <o:File HRef="slide0016_image030.gif"/>
 <o:File HRef="slide0016_image031.gif"/>
 <o:File HRef="slide0017.htm"/>
 <o:File HRef="master03_stylesheet.css"/>
 <o:MainFile HRef="../PoT.htm"/>
 <o:File HRef="error.htm"/>
 <o:File HRef="fullscreen.htm"/>
 <o:File HRef="outline.htm"/>
 <o:File HRef="buttons.gif"/>
 <o:File HRef="frame.htm"/>
 <o:File HRef="script.js"/>
 <o:File HRef="filelist.xml"/>
</xml>