<xml xmlns:v="urn:schemas-microsoft-com:vml"
 xmlns:o="urn:schemas-microsoft-com:office:office"
 xmlns:p="urn:schemas-microsoft-com:office:powerpoint">
 <p:presentation>
  <p:master id="3" type="main" href="master03.htm" xmlhref="master03.xml"
   template="Default Design" layout="title_body"
   slots="title,body,dateTime,footer,slideNumber">
   <p:schemes>
    <p:colorscheme
     colors="#0000FF,#FFFFFF,#000000,#FFFF00,#FF9900,#00FFFF,#FF0000,#969696"/>
    <p:colorscheme
     colors="#FFFFFF,#000000,#808080,#000000,#00CC99,#3333CC,#CCCCFF,#B2B2B2"/>
    <p:colorscheme
     colors="#FFFFFF,#000000,#333333,#000000,#DDDDDD,#808080,#4D4D4D,#EAEAEA"/>
    <p:colorscheme
     colors="#FFFFCC,#000000,#666633,#808000,#339933,#800000,#0033CC,#FFCC66"/>
    <p:colorscheme
     colors="#FFFFFF,#000000,#808080,#000000,#FFCC66,#0000FF,#CC00CC,#C0C0C0"/>
    <p:colorscheme
     colors="#FFFFFF,#000000,#808080,#000000,#C0C0C0,#0066FF,#FF0000,#009900"/>
    <p:colorscheme
     colors="#FFFFFF,#000000,#808080,#000000,#3399FF,#99FFCC,#CC00CC,#B2B2B2"/>
   </p:schemes>
  </p:master>
  <p:slide id="4" href="slide0004.htm"/>
  <p:slide id="11" href="slide0011.htm"/>
  <p:slide id="5" href="slide0005.htm"/>
  <p:slide id="18" href="slide0018.htm"/>
  <p:slide id="7" href="slide0007.htm"/>
  <p:slide id="19" href="slide0019.htm"/>
  <p:slide id="9" href="slide0009.htm"/>
  <p:slide id="10" href="slide0010.htm"/>
  <p:slide id="12" href="slide0012.htm"/>
  <p:slide id="13" href="slide0013.htm"/>
  <p:slide id="14" href="slide0014.htm"/>
  <p:slide id="15" href="slide0015.htm"/>
  <p:slide id="16" href="slide0016.htm"/>
  <p:slide id="17" href="slide0017.htm"/>
  <p:viewstate type="slideView" scale="100" restoredleft="76"
   manualadjustleft="t"/>
  <p:font name="Times New Roman" charset="0" type="4"/>
  <p:headersfooters noheader="t"/>
  <p:pptdocumentsettings framecolors="WhiteTextOnBlack" hideslideanimation="t"/>
 </p:presentation>
 <o:shapedefaults v:ext="edit" spidmax="28679">
  <o:colormru v:ext="edit" colors="#f30"/>
 </o:shapedefaults></xml>